set,date,fighter,opponent,result,method,kd_dif,str_dif,td_dif,sub_dif,td_avg_dif,td_def_dif,sub_avg_dif,slpm_dif,str_acc_dif,sapm_dif,str_def_dif,stance_win_ratio,win_perc_dif,win_strk_dif,lose_strk_dif,kd_dif_pred,str_dif_pred,td_dif_pred,sub_dif_pred
train,2023-04-15,Brandon Royval,Matheus Nicolau,win,KO/TKO,1.3456591266729765,0.404697496639626,0.0066487608748765,0.0142629408035515,-0.4514488561054808,-1.878076509570196,1.4,-0.1343440823056561,-1.2294766632070684,-0.3169242563828282,-1.3888165501373846,1.5727644007252048,-0.4484131798222528,1.125253421458825,-0.5923590242353866,0.9258646,0.9258646,0.9258646,0.9258646
test,2023-03-18,Jake Hadley,Malcolm Gordon,win,KO/TKO,1.3456591266729765,0.2573884940021246,0.0066487608748765,0.0142629408035515,-0.630783883860447,0.9628325145665186,1.1,1.4321069214992566,0.5037350189150976,0.8023652454332355,1.7389605604902123,-0.7892025649351913,0.6409060282014113,0.7530949992936209,-1.1760327032394324,0.9575886,0.9575886,0.9575886,0.9575886
validation,2023-03-11,Tyson Nam,Bruno Silva,lose,SUB,-1.3477910327671985,-0.4055020178666315,0.0066487608748765,-0.8438227454444003,-1.4321872891404517,1.2399943705798564,-0.3,0.2745688303341806,-1.146942773582203,1.4916452211278737,0.3488374002112808,0.1164175772880257,-0.3988986703666317,-0.3633802672019912,0.5749883337727049,-0.68450135,-0.68450135,-0.68450135,-0.68450135
validation,2023-01-21,Brandon Moreno,Deiveson Figueiredo,win,KO/TKO,-0.001065953047111,1.0675880085083822,0.7916996477271218,-1.7019084316923518,0.2098490587409566,0.3392183385365083,-1.2000000000000002,0.2871507661077138,-1.2294766632070684,-0.1904508663471147,0.4357200977287142,0.1164175772880257,-0.1513261230885265,0.7530949992936209,-0.5923590242353866,0.18730983,0.18730983,0.18730983,0.18730983
test,2023-01-14,Allan Nascimento,Carlos Hernandez,win,SUB,-0.001065953047111,0.1100794913646232,0.7916996477271218,0.8723486270515034,0.3723714276438946,-1.7394955815635271,0.4,-1.0842802332074302,1.164006135914018,-1.1579723001203224,0.4357200977287137,0.1164175772880257,2.497700132787203,0.7530949992936209,-0.5923590242353866,0.69082737,0.69082737,0.69082737,0.69082737
train,2022-12-17,Amir Albazi,Alessandro Costa,win,KO/TKO,2.692384206393064,0.7361427525740041,0.3991742043009991,0.0142629408035515,1.3923393980002643,-0.7347838535151766,0.8,0.7904281970490513,1.0814722462891528,-0.4307503074149701,-0.172458784893319,0.1164175772880257,2.497700132787203,1.125253421458825,-0.5923590242353866,1.6590676,1.6590676,1.6590676,1.6590676
validation,2022-12-17,Manel Kape,David Dvorak,win,U-DEC,1.3456591266729765,0.9202790058708809,-0.7784021259773686,1.730434313299455,0.0529309094553612,-0.4229767655001718,0.3999999999999999,0.6205720641063497,0.8338705774145581,0.4545634228350235,-0.433106877445618,1.5727644007252048,-0.5969567081891163,1.125253421458825,-1.1760327032394324,1.5524753,1.5524753,1.5524753,1.5524753
train,2022-12-03,Matt Schnell,Matheus Nicolau,lose,KO/TKO,-2.6945161124872863,-0.4423292685260069,-0.385876682551246,0.0142629408035515,-0.4682615149575089,-1.6355598855585252,0.2,0.3626423807489145,-1.146942773582203,0.8403072624439494,-0.954403062550218,0.1164175772880257,-0.3741414156388211,-1.4798555336976036,0.5749883337727049,-1.2262274,-1.2262274,-1.2262274,-1.2262274
train,2022-11-19,Charles Johnson,Zhalgas Zhumagulov,win,S-DEC,-0.001065953047111,-0.1477112632510041,-0.385876682551246,0.0142629408035515,-0.5859501269217054,-0.2151053734901681,-0.2,-0.2601634400409905,0.5862689085399627,-1.0188515710810375,0.2619547026938475,-1.3075603720296962,0.0219746600061474,0.3809365771284169,-2.343380061247524,0.18730983,0.18730983,0.18730983,0.18730983
validation,2022-11-05,Nate Maness,Tagir Ulanbekov,lose,SUB,-0.001065953047111,-0.0004022606135027,-0.385876682551246,-0.8438227454444003,-1.5891054384260468,0.477799266543177,-0.6000000000000001,-0.8892602287176622,-0.1565360980838228,0.8656019404510923,-1.2150511551025178,-1.0029214133478817,1.6807107267694543,-0.3633802672019912,1.1586620127767506,-0.68450135,-0.68450135,-0.68450135,-0.68450135
train,2022-11-05,Jake Hadley,Carlos Candelario,win,SUB,-0.001065953047111,0.7729700032333795,-0.385876682551246,0.8723486270515034,-1.006266598222407,-0.5615576935068406,1.6,0.1487494725988459,0.1735994604156371,-1.0378225795863945,1.5651951654553455,-2.7869611207446687,0.0219746600061474,0.3809365771284169,-1.1760327032394324,0.18730983,0.18730983,0.18730983,0.18730983
train,2022-10-29,Carlos Mota,Cody Durden,lose,U-DEC,-0.001065953047111,-0.1845385139103794,-1.5634530128296138,0.8723486270515034,-2.328862427915282,-0.7347838535151766,0.7,-1.4680292743002,-0.6517394358330132,-1.259151012148893,0.4357200977287142,-1.0029214133478817,-1.6367614067571594,-1.1076971115323997,0.5749883337727049,0.25561634,0.25561634,0.25561634,0.25561634
validation,2022-08-20,Francisco Figueiredo,Amir Albazi,lose,SUB,-0.001065953047111,-0.037229511272878,-0.7784021259773686,-0.8438227454444003,0.0305140309859902,0.3392183385365079,-0.4,-0.9458789396985626,1.494141694413478,0.0814669222296688,0.0013066101415476,1.5727644007252048,-0.7950147460116006,-0.7355386893671952,0.5749883337727049,0.25561634,0.25561634,0.25561634,0.25561634
train,2022-08-13,Ode Osbourne,Tyson Nam,lose,KO/TKO,-1.3477910327671985,0.0732522407052479,0.0066487608748765,0.0142629408035515,0.9103765109087928,-0.9773004775268476,0.3,0.5136256100313152,0.5862689085399627,-0.5066343414363985,-1.4756992476548174,1.5727644007252048,0.2200326978286319,-0.3633802672019912,0.5749883337727049,-0.5475434,-0.5475434,-0.5475434,-0.5475434
test,2022-07-30,Kai Kara-France,Brandon Moreno,lose,KO/TKO,-1.3477910327671985,-0.1845385139103794,0.3991742043009991,0.0142629408035515,-0.7148471781205873,0.6856706585531803,-0.6,0.7212275502946175,0.0085316811659073,0.2458823292760964,0.6963681902810132,0.1164175772880257,0.220032697828632,-0.3633802672019912,0.5749883337727049,0.19997111,0.19997111,0.19997111,0.19997111
test,2022-07-30,Alexandre Pantoja,Alex Perez,win,SUB,-0.001065953047111,-0.0740567619322534,0.3991742043009991,0.8723486270515034,-0.8157231312327555,-0.3536863014968369,-0.1,-0.2664544079277571,0.0085316811659073,0.157350956251097,-0.5199895749630513,0.1164175772880257,0.0714891694617686,1.125253421458825,-1.1760327032394324,0.20224193,0.20224193,0.20224193,0.20224193
test,2022-07-16,Matt Schnell,Sumudaerji,win,SUB,-1.3477910327671985,-0.4055020178666315,0.7916996477271218,1.730434313299455,0.1818279606542431,-0.7001386215135096,0.5000000000000001,-0.3734008620027913,-1.2294766632070684,1.0869303730135904,-0.6068722724804846,-1.0029214133478817,-0.9188010196506534,0.3809365771284169,-0.5923590242353866,0.21643668,0.21643668,0.21643668,0.21643668
train,2022-06-25,JP Buys,Cody Durden,lose,KO/TKO,-1.3477910327671985,-0.5896382711635083,0.0066487608748765,0.0142629408035515,-1.404166191053738,-1.6009146535568577,2.2,-0.782313774642628,-0.4041377669584177,-0.0639774763114012,-0.8675203650327845,-1.0029214133478817,-1.21588807638438,-0.7355386893671952,1.1586620127767506,-0.47742012,-0.47742012,-0.47742012,-0.47742012
test,2022-06-04,Zarrukh Adashev,Ode Osbourne,lose,KO/TKO,-1.3477910327671985,-0.0004022606135027,0.0066487608748765,0.0142629408035515,-0.8941822058755534,0.9628325145665186,0.2,-0.4174376372101582,0.0910655707907724,-0.9998805625756804,1.5651951654553455,-2.7869611207446687,0.8389640660238957,-0.3633802672019912,0.5749883337727049,0.25561634,0.25561634,0.25561634,0.25561634
train,2022-06-04,Zhalgas Zhumagulov,Jeff Molina,lose,S-DEC,-0.001065953047111,-0.7001200231416344,0.7916996477271218,0.0142629408035515,0.7702710204752256,-0.0072339814801644,0.2,-1.4994841137340336,-0.1565360980838224,0.2142639817671681,-0.172458784893319,0.4942228646579026,-2.453750812774908,-1.1076971115323997,1.7423356917807962,0.21078868,0.21078868,0.21078868,0.21078868
train,2022-05-14,Jake Hadley,Allan Nascimento,lose,U-DEC,-0.001065953047111,-0.4055020178666315,-0.7784021259773686,0.8723486270515034,-0.5971585661563908,0.7203158905548477,1.0,0.6268630319931165,-1.0644088839573382,0.7897179064296642,1.0438989803507464,1.5727644007252048,0.0219746600061474,-0.3633802672019912,0.5749883337727049,0.19997111,0.19997111,0.19997111,0.19997111
train,2022-05-07,Matt Schnell,Brandon Royval,lose,SUB,1.3456591266729765,-0.0740567619322534,0.0066487608748765,-0.8438227454444003,-0.0087155063354083,0.2352826425315063,-1.1999999999999995,0.4947527063710155,0.0910655707907724,1.1628144070350186,0.4357200977287142,-1.0029214133478817,0.2943044620120635,-0.7355386893671952,0.5749883337727049,0.9473255,0.9473255,0.9473255,0.9473255
test,2022-05-07,Kleydson Rodrigues,CJ Vergara,lose,S-DEC,-0.001065953047111,0.3678702459802507,0.7916996477271218,0.8723486270515034,0.5517064553988607,-0.2151053734901677,0.7,0.2305320551268134,0.421201129290232,-1.1010592746042511,-0.3462241799281856,0.1164175772880257,0.0219746600061474,-0.3633802672019912,0.5749883337727049,-0.47742012,-0.47742012,-0.47742012,-0.47742012
train,2022-03-26,Kai Kara-France,Askar Askarov,win,U-DEC,-0.001065953047111,0.8834517552115055,-0.7784021259773686,-1.7019084316923518,-1.1631847475080024,0.7203158905548476,-0.4,1.0357759446329533,-1.146942773582203,0.4925054398457376,0.6094854927635808,0.1164175772880257,-0.5969567081891163,1.125253421458825,-0.5923590242353866,0.2168118,0.2168118,0.2168118,0.2168118
test,2022-03-26,David Dvorak,Matheus Nicolau,lose,U-DEC,-1.3477910327671985,0.1100794913646232,0.0066487608748765,0.0142629408035515,-0.5523248092176493,-0.4229767655001714,-0.7,-0.1217621465321227,-0.8993411047076085,0.0498485747207406,-0.6068722724804856,0.1164175772880257,0.5171197545623584,-1.1076971115323997,0.5749883337727049,0.22335434,0.22335434,0.22335434,0.22335434
test,2022-03-05,Tagir Ulanbekov,Tim Elliott,lose,U-DEC,-1.3477910327671985,0.404697496639626,-0.385876682551246,0.8723486270515034,0.0529309094553612,-0.0072339814801644,-0.0999999999999999,-0.1469260180791896,0.0085316811659073,0.2775006767850249,-0.172458784893319,-2.7869611207446687,-0.6959857271003584,-0.3633802672019912,0.5749883337727049,0.23495264,0.23495264,0.23495264,0.23495264
test,2021-12-11,Kai Kara-France,Cody Garbrandt,win,KO/TKO,2.692384206393064,0.5151792486177521,0.0066487608748765,0.0142629408035515,-0.339364463758627,0.3045731065348406,0.0,1.0672307840667867,0.0085316811659073,-0.1967745358489005,0.2619547026938475,0.1164175772880257,0.1952754431008212,0.7530949992936209,-1.1760327032394324,0.9706936,0.9706936,0.9706936,0.9706936
train,2021-12-04,Zhalgas Zhumagulov,Manel Kape,lose,KO/TKO,-2.6945161124872863,-0.8106017751197604,0.0066487608748765,0.0142629408035515,0.4564347219040349,-0.1111696774851659,-0.3999999999999999,0.2556959266738803,-0.4866716565832829,0.9225149659671632,-0.0855760873758857,1.4853401623702052,-0.7950147460116007,-0.7355386893671952,1.1586620127767506,-1.2262274,-1.2262274,-1.2262274,-1.2262274
train,2021-11-20,Cody Durden,Aoriqileng,win,U-DEC,-0.001065953047111,-0.1845385139103794,1.5767505345793669,0.0142629408035515,1.465194253025719,0.5470897305465112,0.3,-1.8517783153929697,0.0910655707907724,-2.5555032600149548,0.0881893076589809,1.5727644007252048,0.0219746600061474,0.3809365771284169,-1.1760327032394324,0.18730983,0.18730983,0.18730983,0.18730983
train,2021-10-23,Daniel Lacerda,Jeff Molina,lose,KO/TKO,-1.3477910327671985,-0.994738028416637,0.0066487608748765,0.0142629408035515,0.8599385343527086,-2.293819293590204,1.5,-1.574975728375234,0.0085316811659073,2.990354893051077,-1.8232300377245505,0.4942228646579026,-2.453750812774908,-0.7355386893671952,0.5749883337727049,-0.40121868,-0.40121868,-0.40121868,-0.40121868
train,2021-10-09,Tim Elliott,Matheus Nicolau,lose,U-DEC,-0.001065953047111,0.2205612433427493,0.0066487608748765,0.0142629408035515,1.2690465664187252,-1.115881405533517,0.0999999999999999,-0.0525614997776888,-0.7342733254578783,-0.1714798578417578,-0.8675203650327845,1.5727644007252048,-1.0673445480175168,-0.7355386893671952,0.5749883337727049,0.21078868,0.21078868,0.21078868,0.21078868
test,2021-08-21,Alexandre Pantoja,Brandon Royval,win,SUB,-0.001065953047111,0.1837339926833739,0.7916996477271218,1.730434313299455,0.4059967453479507,0.9628325145665186,-1.1,0.5010436742577821,0.8338705774145575,0.4798581008421663,0.3488374002112808,-1.0029214133478817,0.0962464241895789,0.7530949992936209,-1.1760327032394324,-0.20937046,-0.20937046,-0.20937046,-0.20937046
validation,2021-08-07,Ode Osbourne,Manel Kape,lose,KO/TKO,-1.3477910327671985,-0.037229511272878,0.0066487608748765,0.0142629408035515,0.5965402123376021,0.0967017145248373,-0.3,-0.096598274985056,-1.0644088839573382,0.4545634228350235,-0.6937549699979184,-2.7869611207446687,0.0219746600061474,-0.3633802672019912,1.1586620127767506,0.22335434,0.22335434,0.22335434,0.22335434
train,2021-07-31,Zarrukh Adashev,Ryan Benoit,win,U-DEC,-1.3477910327671985,1.5095150164208866,0.0066487608748765,0.8723486270515034,-0.1488209967689756,0.9628325145665186,0.0999999999999999,0.4821707705974821,0.0910655707907724,-0.3801609514006847,0.5226027952461475,1.5727644007252048,-1.4634606236624854,0.3809365771284169,-1.1760327032394324,-0.22845384,-0.22845384,-0.22845384,-0.22845384
validation,2021-07-17,Francisco Figueiredo,Malcolm Gordon,lose,U-DEC,-0.001065953047111,-0.6632927724822589,0.0066487608748765,0.0142629408035515,0.5124769180774617,2.3139965626315413,-0.4,0.0669668900708788,1.576675584038343,0.2142639817671681,1.652077862972779,-0.7892025649351913,2.497700132787203,-0.3633802672019912,0.5749883337727049,0.25561634,0.25561634,0.25561634,0.25561634
test,2021-06-12,Brandon Moreno,Deiveson Figueiredo,win,SUB,1.3456591266729765,0.8466245045521301,0.3991742043009991,1.730434313299455,0.2098490587409566,0.3392183385365083,-1.2000000000000002,0.2871507661077138,-1.2294766632070684,-0.1904508663471147,0.4357200977287142,0.1164175772880257,-0.2998696514553897,1.497411843624029,-0.5923590242353866,0.18730983,0.18730983,0.18730983,0.18730983
validation,2021-05-22,Bruno Silva,Victor Rodriguez,win,KO/TKO,1.3456591266729765,0.2205612433427493,0.0066487608748765,0.0142629408035515,1.448381594173691,2.21006086662654,0.3,0.9162475547843854,0.7513366877896929,-1.904165301331032,0.7832508877984464,-1.431674213164999,0.0219746600061474,0.3809365771284169,-1.1760327032394324,0.8480451,0.8480451,0.8480451,0.8480451
train,2021-05-22,Juancamilo Ronderos,David Dvorak,lose,SUB,-0.001065953047111,0.0732522407052479,0.0066487608748765,-0.8438227454444003,1.2634423468013825,-2.813497773615212,-0.2,-0.8137686140764616,-0.9818749943324732,-0.6457550704756828,0.3488374002112808,1.5727644007252048,-2.453750812774908,-1.1076971115323997,0.5749883337727049,0.21078868,0.21078868,0.21078868,0.21078868
train,2021-04-24,Jeff Molina,Aoriqileng,win,U-DEC,2.692384206393064,2.6879870375208976,-1.170927569403491,0.0142629408035515,-0.8717653274061826,0.3738635705381752,0.0,0.7401004539549173,0.0085316811659073,-1.347682385173892,0.6094854927635808,0.1164175772880257,0.0219746600061474,0.3809365771284169,-0.5923590242353866,1.6386074,1.6386074,1.6386074,1.6386074
train,2021-03-13,Matheus Nicolau,Manel Kape,win,S-DEC,-0.001065953047111,-0.2213657645697548,0.7916996477271218,0.8723486270515034,0.5236853573121472,0.8242515865598498,0.3,-0.5055111876248923,0.0910655707907724,-0.487663332931041,1.0438989803507464,-1.0029214133478817,1.6807107267694543,0.3809365771284169,-1.1760327032394324,0.20587027,0.20587027,0.20587027,0.20587027
train,2021-03-06,Askar Askarov,Joseph Benavidez,win,U-DEC,-0.001065953047111,0.4415247472990014,1.9692759780054887,0.0142629408035515,0.6749992869803999,0.1313469465265046,-0.1999999999999999,-0.2979092473615909,1.659209473663208,0.0877905917314546,-0.3462241799281856,-1.0029214133478817,0.6409060282014113,1.125253421458825,-1.759706382243478,0.2358307,0.2358307,0.2358307,0.2358307
train,2021-03-06,Kai Kara-France,Rogerio Bontorin,win,KO/TKO,1.3456591266729765,0.2573884940021246,-0.385876682551246,-1.7019084316923518,-1.3313113360282829,1.2399943705798564,-1.0,1.2999965958771555,-0.9818749943324732,0.195292973261811,1.217664375385613,0.1164175772880257,0.4428479903789269,0.3809365771284169,-1.1760327032394324,0.90485275,0.90485275,0.90485275,0.90485275
train,2021-03-06,Tim Elliott,Jordan Espinosa,win,U-DEC,-0.001065953047111,0.4415247472990014,1.5767505345793669,0.0142629408035515,1.6781545984847417,-0.3190410694951696,0.8,-0.4048557014366247,-0.6517394358330132,-0.0450064678060443,-0.0855760873758847,1.5727644007252048,0.0219746600061474,0.7530949992936209,-1.1760327032394324,0.18730983,0.18730983,0.18730983,0.18730983
train,2021-02-06,Alexandre Pantoja,Manel Kape,win,U-DEC,-0.001065953047111,0.9202790058708809,-0.7784021259773686,0.0142629408035515,0.4620389415213776,-0.0765244454834986,0.6,-0.1343440823056561,-0.321603877333553,-0.3358952648881851,0.0013066101415476,-1.0029214133478817,1.6807107267694543,0.3809365771284169,-0.5923590242353866,0.20587027,0.20587027,0.20587027,0.20587027
train,2021-01-20,Tyson Nam,Matt Schnell,lose,S-DEC,-0.001065953047111,-0.994738028416637,0.0066487608748765,0.0142629408035515,-0.3449686833759697,1.8636085466098669,-1.1,-0.4740563481910588,-0.569205546208148,0.6253024993832369,0.6963681902810132,0.1164175772880257,-0.8197720007394113,-0.3633802672019912,0.5749883337727049,0.19997111,0.19997111,0.19997111,0.19997111
train,2021-01-20,Sumudaerji,Zarrukh Adashev,win,U-DEC,-0.001065953047111,0.8097972538927548,0.0066487608748765,0.0142629408035515,0.1874321802715858,-1.1851718695368507,0.0999999999999999,0.7401004539549175,1.164006135914018,-0.1778035273435433,-0.172458784893319,-2.7869611207446687,2.497700132787203,1.125253421458825,-1.1760327032394324,0.23755468,0.23755468,0.23755468,0.23755468
test,2021-01-20,Jerome Rivera,Francisco Figueiredo,lose,U-DEC,-0.001065953047111,0.0732522407052479,-1.5634530128296138,0.0142629408035515,-1.3985619714363953,-1.2544623335401854,-0.4,0.7338094860681507,-2.302417228330313,0.0119065577100268,-0.8675203650327845,-2.7869611207446687,0.0219746600061474,-0.3633802672019912,0.5749883337727049,-0.5475434,-0.5475434,-0.5475434,-0.5475434
train,2020-11-28,Sumudaerji,Malcolm Gordon,win,KO/TKO,1.3456591266729765,0.3310429953208753,0.0066487608748765,0.0142629408035515,-0.7148471781205873,1.9675442426148688,-0.2,1.8221469304787927,0.9989383566642882,0.3154426937957389,1.7389605604902123,-0.7892025649351913,2.497700132787203,0.7530949992936209,-1.1760327032394324,0.96333015,0.96333015,0.96333015,0.96333015
train,2020-11-21,Alex Perez,Deiveson Figueiredo,lose,SUB,-0.001065953047111,0.0364249900458725,0.0066487608748765,-0.8438227454444003,0.7926878989445962,0.6856706585531807,-0.5,0.9917391694255862,-0.5692055462081484,-0.2220692138560429,0.7832508877984464,0.1164175772880257,-0.0522971041772842,-1.852013955862808,0.5749883337727049,0.19997111,0.19997111,0.19997111,0.19997111
validation,2020-11-21,Brandon Moreno,Brandon Royval,win,KO/TKO,-0.001065953047111,-0.037229511272878,0.7916996477271218,1.730434313299455,0.6469781888936864,0.9628325145665186,-1.6999999999999995,0.0606759221841118,0.1735994604156376,0.3597083803082386,0.5226027952461475,-1.0029214133478817,-0.6959857271003586,1.125253421458825,-0.5923590242353866,0.18730983,0.18730983,0.18730983,0.18730983
test,2020-09-26,Kai Kara-France,Brandon Royval,lose,SUB,-1.3477910327671985,-0.6264655218228836,0.0066487608748765,-0.8438227454444003,-0.0759661417435206,1.6557371545998634,-2.3,0.7841372291622845,0.1735994604156376,0.600007821376094,1.217664375385613,-1.0029214133478817,-0.4731704345500634,-0.7355386893671952,0.5749883337727049,0.9473255,0.9473255,0.9473255,0.9473255
train,2020-09-19,Jordan Espinosa,David Dvorak,lose,U-DEC,-0.001065953047111,-0.6632927724822589,0.0066487608748765,0.0142629408035515,0.1594110821848723,-0.3883315334985046,0.0,0.4695888348239483,0.8338705774145581,-0.165156188339972,-0.172458784893319,0.1164175772880257,-1.6367614067571592,-0.7355386893671952,0.5749883337727049,0.25561634,0.25561634,0.25561634,0.25561634
train,2020-07-18,Askar Askarov,Alexandre Pantoja,win,U-DEC,-0.001065953047111,0.3310429953208753,0.3991742043009991,0.0142629408035515,0.6974161654497706,-0.0418792134818317,-0.7999999999999999,-0.7571499030955612,0.5037350189150981,-0.3611899428953278,0.2619547026938466,0.1164175772880257,0.6409060282014113,0.7530949992936209,-0.5923590242353866,0.18730983,0.18730983,0.18730983,0.18730983
train,2020-07-15,Tim Elliott,Ryan Benoit,win,U-DEC,-0.001065953047111,0.4415247472990014,0.0066487608748765,0.0142629408035515,1.941552920499848,-0.3883315334985042,0.6,0.4381339953901151,0.4212011292902325,-0.4939870024328268,-0.172458784893318,1.5727644007252048,-1.389188859479054,0.3809365771284169,-0.5923590242353866,0.21119185,0.21119185,0.21119185,0.21119185
train,2020-07-11,Raulian Paiva,Zhalgas Zhumagulov,win,U-DEC,-0.001065953047111,-0.5159837698447576,-0.7784021259773686,0.0142629408035515,-0.3898024403147113,0.3738635705381752,0.0,-0.4614744124175257,-0.321603877333553,-0.2220692138560432,-0.4331068774456189,-1.431674213164999,0.0219746600061474,0.3809365771284169,-0.5923590242353866,0.20224193,0.20224193,0.20224193,0.20224193
validation,2020-06-06,Alex Perez,Jussier Formiga,win,KO/TKO,2.692384206393064,0.404697496639626,0.0066487608748765,0.0142629408035515,0.5797275534855739,-0.3536863014968369,0.7000000000000001,2.042330806515628,0.7513366877896924,0.5114764483510947,-0.3462241799281856,0.1164175772880257,0.5171197545623587,0.7530949992936209,-1.759706382243478,0.9575886,0.9575886,0.9575886,0.9575886
test,2020-05-30,Tim Elliott,Brandon Royval,lose,SUB,-0.001065953047111,0.0364249900458725,1.1842250911532444,-1.7019084316923518,1.7285925750408255,0.7549611225565148,-1.2999999999999998,0.0795488258444121,0.5037350189150976,0.1510272867493114,0.5226027952461475,-2.7869611207446687,0.5171197545623585,-0.3633802672019912,2.326009370784842,0.25561634,0.25561634,0.25561634,0.25561634
test,2020-03-14,Brandon Moreno,Jussier Formiga,win,U-DEC,-0.001065953047111,0.6624882512552535,-0.385876682551246,-0.8438227454444003,-0.0031112867180656,-0.7001386215135094,0.0,1.3377424031977556,0.0910655707907724,0.5430947958600231,-0.693754969997918,0.1164175772880257,0.0962464241895792,0.7530949992936209,-1.1760327032394324,0.91656965,0.91656965,0.91656965,0.91656965
train,2020-03-14,David Dvorak,Bruno Silva,win,U-DEC,-0.001065953047111,0.8097972538927548,-1.170927569403491,0.0142629408035515,-1.1631847475080024,0.5817349625481788,-0.0999999999999999,0.2619868945606472,-0.321603877333553,0.0814669222296691,0.0013066101415476,0.1164175772880257,0.0219746600061474,0.3809365771284169,-0.5923590242353866,0.18730983,0.18730983,0.18730983,0.18730983
test,2020-02-29,Deiveson Figueiredo,Joseph Benavidez,win,KO/TKO,1.3456591266729765,-0.773774524460385,0.3991742043009991,0.8723486270515034,0.0249098113686478,-0.1804601414885009,1.2000000000000002,-0.272745375814524,1.7417433632880734,0.5304474568564517,-0.8675203650327845,-1.0029214133478817,-0.0522971041772839,1.125253421458825,-0.5923590242353866,0.5480091,0.5480091,0.5480091,0.5480091
validation,2020-02-22,Tyson Nam,Kai Kara-France,lose,U-DEC,-0.001065953047111,-1.0315652790760124,0.0066487608748765,0.0142629408035515,-0.2777180479678575,0.4431540345415097,0.0,-0.7634408709823278,-0.6517394358330132,1.1881090850421616,-0.0855760873758857,0.1164175772880257,-1.834819444579644,-0.3633802672019912,1.1586620127767506,-1.2262274,-1.2262274,-1.2262274,-1.2262274
train,2020-01-25,Jordan Espinosa,Alex Perez,lose,SUB,-0.001065953047111,-0.0004022606135027,-0.385876682551246,-0.8438227454444003,-1.1631847475080024,-0.2497506054918354,-1.1,-0.2853273115880574,0.3386672396653678,-0.1208905018274724,-0.2593414824107523,0.1164175772880257,-1.834819444579644,-0.3633802672019912,1.1586620127767506,0.25561634,0.25561634,0.25561634,0.25561634
validation,2020-01-18,Tim Elliott,Askar Askarov,lose,U-DEC,-0.001065953047111,-0.9579107777572616,1.1842250911532444,0.0142629408035515,0.6413739692763436,-0.1804601414885009,0.6,0.331187541315081,-0.8168072150827433,0.0435249052189551,-0.0855760873758847,1.5727644007252048,0.5666342640179796,-0.3633802672019912,1.7423356917807962,0.22335434,0.22335434,0.22335434,0.22335434
validation,2019-12-21,Alexandre Pantoja,Matt Schnell,win,KO/TKO,1.3456591266729765,0.5151792486177521,0.3991742043009991,0.0142629408035515,0.4228094041999788,0.7203158905548478,0.0999999999999998,0.0040572112032114,0.7513366877896924,-0.6773734179846113,-0.0855760873758857,0.1164175772880257,-0.2008406325441476,0.3809365771284169,-0.5923590242353866,0.18730983,0.18730983,0.18730983,0.18730983
train,2019-12-14,Kai Kara-France,Brandon Moreno,lose,U-DEC,-0.001065953047111,-0.3318475165478808,0.0066487608748765,0.0142629408035515,-0.7148471781205873,0.6856706585531803,-0.6,0.7212275502946175,0.0085316811659073,0.2458823292760964,0.6963681902810132,0.1164175772880257,1.0122648491185695,-0.3633802672019912,0.5749883337727049,0.19997111,0.19997111,0.19997111,0.19997111
train,2019-10-12,Tim Elliott,Deiveson Figueiredo,lose,SUB,-0.001065953047111,0.6624882512552535,0.3991742043009991,-0.8438227454444003,1.291463444888096,0.1313469465265046,-0.8,0.3060236697680141,-0.8993411047076085,-0.3991319599060419,0.4357200977287142,1.5727644007252048,-1.21588807638438,-0.7355386893671952,1.1586620127767506,0.19997111,0.19997111,0.19997111,0.19997111
train,2019-09-21,Sergio Pettis,Tyson Nam,win,U-DEC,-0.001065953047111,2.061923776311517,0.0066487608748765,0.0142629408035515,0.4844558199907483,-1.1505266375351837,0.4,0.2431139909003466,0.4212011292902325,-1.5943054957435334,0.1750720051764142,0.1164175772880257,1.5569244531304016,0.3809365771284169,-0.5923590242353866,0.20587027,0.20587027,0.20587027,0.20587027
train,2019-08-31,Kai Kara-France,Mark De La Rosa,win,U-DEC,1.3456591266729765,1.1412425098271328,0.0066487608748765,0.0142629408035515,-0.0087155063354083,1.621091922598196,-0.2,0.9854482015388196,0.4212011292902329,-0.8987018505471098,1.3914297704204794,0.1164175772880257,0.0219746600061474,1.125253421458825,-0.5923590242353866,0.9700191,0.9700191,0.9700191,0.9700191
validation,2019-08-10,Rogerio Bontorin,Raulian Paiva,win,KO/TKO,-0.001065953047111,0.1837339926833739,0.7916996477271218,0.0142629408035515,1.2690465664187252,-0.908010013523513,0.8,-0.9521699075853292,0.8338705774145581,-1.0947356051024653,0.1750720051764142,0.1164175772880257,0.0219746600061474,0.3809365771284169,-1.1760327032394324,0.18730983,0.18730983,0.18730983,0.18730983
test,2019-08-03,Jordan Espinosa,Matt Schnell,lose,SUB,-0.001065953047111,0.0732522407052479,0.0066487608748765,-0.8438227454444003,0.075347787924732,0.8242515865598492,-0.9000000000000001,-0.0148156924570888,1.0814722462891528,-0.9556148760631809,0.1750720051764132,0.1164175772880257,-1.834819444579644,-1.4798555336976036,0.5749883337727049,0.25561634,0.25561634,0.25561634,0.25561634
train,2019-07-27,Alexandre Pantoja,Deiveson Figueiredo,lose,U-DEC,-1.3477910327671985,-0.2213657645697548,0.0066487608748765,0.0142629408035515,-0.031132384804779,0.3392183385365083,-0.6000000000000001,0.7275185181813841,-0.5692055462081484,-0.070301145813187,0.2619547026938475,0.1164175772880257,0.4180907356511161,-0.3633802672019912,0.5749883337727049,-0.5475434,-0.5475434,-0.5475434,-0.5475434
train,2019-06-29,Joseph Benavidez,Jussier Formiga,win,KO/TKO,1.3456591266729765,1.2885515124646345,-0.385876682551246,0.0142629408035515,-0.2216758517944306,-0.8733647815218457,0.0,1.3188694995374557,-0.4041377669584177,0.2142639817671681,-0.2593414824107523,1.5727644007252048,0.3438189714676846,1.125253421458825,-0.5923590242353866,0.9706936,0.9706936,0.9706936,0.9706936
test,2019-04-13,Wilson Reis,Alexandre Pantoja,lose,KO/TKO,-1.3477910327671985,-0.8106017751197604,0.3991742043009991,0.0142629408035515,2.126492167872157,-0.7001386215135098,-0.6,-1.5246479852811003,-1.5596122217065285,-0.2094218748524716,0.0881893076589809,1.5727644007252048,-0.5969567081891163,-1.1076971115323997,0.5749883337727049,0.21078868,0.21078868,0.21078868,0.21078868
test,2019-03-23,Deiveson Figueiredo,Jussier Formiga,lose,U-DEC,-0.001065953047111,-0.4423292685260069,-1.170927569403491,0.0142629408035515,-0.2048631929424025,-1.0465909415301822,1.2000000000000002,1.0483578804064866,1.3290739151637485,0.7391285504153788,-1.1281684575850843,0.1164175772880257,0.8389640660238956,-1.4798555336976036,0.5749883337727049,-0.5475434,-0.5475434,-0.5475434,-0.5475434
test,2019-02-09,Kai Kara-France,Raulian Paiva,win,S-DEC,-0.001065953047111,-0.3318475165478808,0.7916996477271218,-0.8438227454444003,-0.0703619221261779,0.3392183385365079,-0.2,0.3500604449753813,-0.1565360980838224,-0.9050255200488954,1.3914297704204794,0.1164175772880257,2.497700132787203,0.7530949992936209,-0.5923590242353866,0.52185637,0.52185637,0.52185637,0.52185637
train,2019-01-19,TJ Dillashaw,Henry Cejudo,lose,KO/TKO,-1.3477910327671985,-0.6264655218228836,0.0066487608748765,0.0142629408035515,-0.305739146054571,-0.5615576935068406,0.6000000000000001,0.7338094860681507,-0.321603877333553,0.448239753333238,-0.2593414824107523,0.1164175772880257,0.0714891694617686,-1.4798555336976036,0.5749883337727049,-0.5475434,-0.5475434,-0.5475434,-0.5475434
test,2019-01-19,Joseph Benavidez,Dustin Ortiz,win,U-DEC,1.3456591266729765,-1.0315652790760124,1.5767505345793669,0.0142629408035515,-0.8885779862582106,0.3392183385365079,0.5,0.3626423807489145,-0.8168072150827429,0.3217663632975245,0.4357200977287132,1.5727644007252048,0.6656632829292218,0.7530949992936209,-0.5923590242353866,0.19038132,0.19038132,0.19038132,0.19038132
train,2018-12-01,Ben Nguyen,Wilson Reis,lose,U-DEC,-0.001065953047111,0.2573884940021246,-2.7410293431079813,-0.8438227454444003,-2.7379704599812986,0.5470897305465116,0.4,1.054648848293253,0.9164044670394232,-0.0133881202971161,0.3488374002112799,1.4853401623702052,0.0219746600061474,-0.3633802672019912,1.1586620127767506,0.25561634,0.25561634,0.25561634,0.25561634
validation,2018-12-01,Kai Kara-France,Elias Garcia,win,U-DEC,-0.001065953047111,2.577505285542772,-0.385876682551246,-1.7019084316923518,-0.087174580978206,1.8636085466098669,-1.4,1.9542572561008944,1.0814722462891528,-0.930320198056038,1.217664375385613,-1.0029214133478817,0.0219746600061474,0.3809365771284169,-1.1760327032394324,0.2704408,0.2704408,0.2704408,0.2704408
validation,2018-11-30,Joseph Benavidez,Alex Perez,win,KO/TKO,-0.001065953047111,0.7729700032333795,0.0066487608748765,0.0142629408035515,-0.793306252763385,-0.5269124615051733,-0.7000000000000001,-0.7256950636617274,-1.1469427735822029,-0.2916295783756855,0.0881893076589809,1.5727644007252048,-0.4731704345500634,0.3809365771284169,-0.5923590242353866,0.18730983,0.18730983,0.18730983,0.18730983
train,2018-11-17,Alexandre Pantoja,Yuta Sasaki,win,SUB,-0.001065953047111,-0.1108840125916287,0.0066487608748765,1.730434313299455,-0.9222033039622668,0.8935420505631843,0.0,1.3125785316506886,0.5862689085399627,0.5620658043653799,0.3488374002112808,-1.0029214133478817,0.6409060282014113,0.7530949992936209,-0.5923590242353866,0.232978,0.232978,0.232978,0.232978
test,2018-10-06,Sergio Pettis,Jussier Formiga,lose,U-DEC,-0.001065953047111,0.4415247472990014,-0.7784021259773686,0.0142629408035515,-0.5355121503656213,-0.7001386215135094,-0.1999999999999999,1.5453443434610572,-0.1565360980838228,0.3660320498100244,0.0881893076589809,0.1164175772880257,0.2447899525564423,-1.1076971115323997,0.5749883337727049,-0.5475434,-0.5475434,-0.5475434,-0.5475434
train,2018-08-25,Deiveson Figueiredo,John Moraga,win,KO/TKO,2.692384206393064,0.5520064992771274,0.7916996477271218,0.0142629408035515,0.4676431611387202,0.4431540345415095,0.7,0.3248965734283142,0.9989383566642882,0.6063314908778797,-0.4331068774456189,0.1164175772880257,1.1360511227576222,0.7530949992936209,-0.5923590242353866,1.3124281,1.3124281,1.3124281,1.3124281
train,2018-08-04,Henry Cejudo,Demetrious Johnson,win,S-DEC,-0.001065953047111,-1.1052197803947632,0.7916996477271218,0.0142629408035515,-0.6812218604165311,0.9628325145665186,-0.3,0.3060236697680139,-0.7342733254578783,0.7075102029064504,-0.172458784893319,0.1164175772880257,-0.4484131798222528,1.125253421458825,-0.5923590242353866,0.2462209,0.2462209,0.2462209,0.2462209
train,2018-07-28,Matheus Nicolau,Dustin Ortiz,lose,KO/TKO,-1.3477910327671985,-0.037229511272878,0.0066487608748765,0.0142629408035515,-0.8493484489368117,1.4132205305881929,0.8,0.4507159311636486,0.7513366877896929,0.6189788298814511,0.8701335853158797,0.1164175772880257,1.2598373963966751,-1.1076971115323997,0.5749883337727049,-0.40121868,-0.40121868,-0.40121868,-0.40121868
train,2018-07-14,Said Nurmagomedov,Justin Scoggins,win,S-DEC,-0.001065953047111,1.2148970111458837,0.3991742043009991,0.0142629408035515,-1.3313113360282829,-0.5962029255085075,0.7,-0.0148156924570885,-0.321603877333553,-0.0007407812935447,0.0881893076589809,-1.0029214133478817,-1.0425872932897062,0.3809365771284169,-1.759706382243478,0.18730983,0.18730983,0.18730983,0.18730983
train,2018-07-14,Mark De La Rosa,Elias Garcia,win,SUB,-0.001065953047111,0.2205612433427493,0.7916996477271218,0.8723486270515034,-0.0703619221261779,0.2352826425315063,-1.2,0.9665752978785191,0.6688027981648274,-0.0260354593006871,-0.172458784893319,-1.0029214133478817,0.0219746600061474,0.3809365771284169,-0.5923590242353866,0.21635969,0.21635969,0.21635969,0.21635969
train,2018-06-23,Naoki Inoue,Matt Schnell,lose,S-DEC,-0.001065953047111,-0.8474290257791357,0.0066487608748765,0.0142629408035515,-0.3449686833759697,0.4777992665431768,1.4,-0.3608189262292581,-0.321603877333553,-0.6836970874863968,0.4357200977287132,0.1164175772880257,1.2598373963966751,-0.7355386893671952,0.5749883337727049,0.19997111,0.19997111,0.19997111,0.19997111
train,2018-06-23,Jenel Lausa,Yuta Sasaki,lose,SUB,-0.001065953047111,-0.6632927724822589,-1.9559784562557363,-0.8438227454444003,-1.381749312584367,0.3392183385365081,-0.3999999999999999,-0.4551834445307588,0.0910655707907724,0.6569208468921649,0.2619547026938475,-1.0029214133478817,-0.9683155291062746,-0.3633802672019912,1.1586620127767506,0.23495264,0.23495264,0.23495264,0.23495264
test,2018-06-09,Joseph Benavidez,Sergio Pettis,lose,S-DEC,-0.001065953047111,-0.5528110205041329,0.7916996477271218,0.0142629408035515,0.3219334510878103,-0.1804601414885009,0.1999999999999999,-0.2287086006071568,-0.2390699877086875,-0.1461851798346151,-0.3462241799281856,1.5727644007252048,0.4180907356511164,-0.3633802672019912,0.5749883337727049,-0.47742012,-0.47742012,-0.47742012,-0.47742012
train,2018-05-19,Brandon Moreno,Alexandre Pantoja,lose,U-DEC,-0.001065953047111,-1.2525287830322644,0.7916996477271218,0.0142629408035515,0.2490785960623553,-0.0072339814801644,-0.6,-0.4426015087572253,-0.6517394358330126,-0.1145668323256866,0.1750720051764142,0.1164175772880257,0.2200326978286318,-0.3633802672019912,1.1586620127767506,0.22335434,0.22335434,0.22335434,0.22335434
test,2018-02-24,Eric Shelton,Alex Perez,lose,U-DEC,-0.001065953047111,0.4415247472990014,-1.9559784562557363,0.0142629408035515,0.0024929328992771,-1.0812361735318492,-1.1,-1.3233370129045656,-0.4866716565832829,-0.7911994690167534,0.2619547026938475,0.1164175772880257,-1.6367614067571592,-0.7355386893671952,0.5749883337727049,0.25561634,0.25561634,0.25561634,0.25561634
train,2018-02-18,Joby Sanchez,Robert Sanchez,lose,SUB,-0.001065953047111,-0.037229511272878,-1.170927569403491,-0.8438227454444003,-1.4826252656965355,0.0274112505215027,-0.2999999999999999,1.419524985725723,-0.321603877333553,0.6632445163939505,1.4783124679379125,0.1164175772880257,0.0219746600061474,-0.3633802672019912,1.1586620127767506,0.19997111,0.19997111,0.19997111,0.19997111
train,2018-02-10,Ben Nguyen,Jussier Formiga,lose,SUB,-1.3477910327671985,-0.2213657645697548,-0.7784021259773686,-0.8438227454444003,-0.8717653274061826,-0.8387195495201785,0.4,1.3125785316506886,0.0910655707907724,0.4292687448278808,-0.4331068774456189,0.4942228646579026,0.1952754431008215,-0.7355386893671952,0.5749883337727049,-0.5475434,-0.5475434,-0.5475434,-0.5475434
validation,2018-01-20,Dustin Ortiz,Alexandre Pantoja,win,U-DEC,-0.001065953047111,0.625661000595878,2.361801421431612,-1.7019084316923518,0.9271891697608208,-0.5269124615051733,-1.1,-0.826350549849995,-0.3216038773335526,-0.759581121507825,0.1750720051764142,0.1164175772880257,-1.3644316047512437,0.7530949992936209,-0.5923590242353866,0.18730983,0.18730983,0.18730983,0.18730983
train,2017-12-02,Henry Cejudo,Sergio Pettis,win,U-DEC,-0.001065953047111,0.404697496639626,1.1842250911532444,0.0142629408035515,0.7198330439191414,0.893542050563184,-0.2,0.0229301148635117,0.6688027981648278,-0.0829484848167584,0.0013066101415476,0.1164175772880257,-0.1513261230885265,0.7530949992936209,-0.5923590242353866,0.18730983,0.18730983,0.18730983,0.18730983
train,2017-11-18,Ryan Benoit,Ashkan Mokhtarian,win,KO/TKO,1.3456591266729765,0.1100794913646232,0.0066487608748765,0.0142629408035515,-0.1376125575342902,1.343930066584858,0.4,0.5828262567857495,-0.3216038773335526,-0.0007407812935447,1.3045470729030455,-1.0029214133478817,1.6807107267694543,0.3809365771284169,-1.1760327032394324,0.88005304,0.88005304,0.88005304,0.88005304
test,2017-11-18,Eric Shelton,Jenel Lausa,win,U-DEC,-0.001065953047111,2.9826050427959,1.5767505345793669,-1.7019084316923518,1.2858592252707532,-0.1804601414885007,-0.6000000000000001,0.7086456145210838,0.0085316811659073,-1.0378225795863945,0.8701335853158797,0.1164175772880257,0.0219746600061474,0.3809365771284169,-0.5923590242353866,0.27111533,0.27111533,0.27111533,0.27111533
train,2017-10-07,Marco Beltran,Matt Schnell,lose,U-DEC,-0.001065953047111,-0.1477112632510041,0.3991742043009991,-0.8438227454444003,0.0473266898380185,-0.0072339814801644,-0.9000000000000001,-1.3673737881119328,-0.1565360980838228,-1.5943054957435334,0.6963681902810132,0.1164175772880257,1.6807107267694543,-0.3633802672019912,1.1586620127767506,0.19997111,0.19997111,0.19997111,0.19997111
train,2017-10-07,Bibulatov Magomed,John Moraga,lose,KO/TKO,-1.3477910327671985,-0.1108840125916287,0.0066487608748765,0.0142629408035515,1.2578381271840398,1.0667682105715204,-1.1,0.6457359356534168,0.6688027981648278,-0.449721315920327,-0.3462241799281856,0.1164175772880257,-1.0673445480175168,-0.7355386893671952,0.5749883337727049,-0.5475434,-0.5475434,-0.5475434,-0.5475434
test,2017-09-22,Jussier Formiga,Yuta Sasaki,win,SUB,-0.001065953047111,-0.2581930152291302,0.3991742043009991,1.730434313299455,-0.6700134211818456,1.586446690596529,-0.6,-0.4677653803042922,-0.1565360980838224,-0.0955958238203297,1.217664375385613,-1.0029214133478817,0.1705181883730109,0.3809365771284169,-0.5923590242353866,0.18730983,0.18730983,0.18730983,0.18730983
train,2017-09-09,Henry Cejudo,Wilson Reis,win,KO/TKO,1.3456591266729765,1.0675880085083822,0.7916996477271218,0.0142629408035515,-1.6899813915382154,1.586446690596529,-0.3999999999999999,1.3125785316506886,1.3290739151637485,-0.165156188339972,0.8701335853158797,-1.0029214133478817,0.1457609336452003,0.3809365771284169,-1.1760327032394324,0.9246966,0.9246966,0.9246966,0.9246966
train,2017-08-05,Brandon Moreno,Sergio Pettis,lose,U-DEC,-0.001065953047111,-1.1420470310541384,1.5767505345793669,0.0142629408035515,0.5404980161641753,-0.0072339814801644,0.1999999999999999,-0.2098356969468568,0.2561333500405027,0.1826456342582396,-0.7806376675153512,0.1164175772880257,0.6409060282014113,-1.4798555336976036,0.5749883337727049,0.23495264,0.23495264,0.23495264,0.23495264
validation,2017-08-05,Dustin Ortiz,Hector Sandoval,win,KO/TKO,1.3456591266729765,0.2573884940021246,0.0066487608748765,0.0142629408035515,-0.2609053891158296,-0.6654933895118421,-1.2999999999999998,-0.2349995684939237,-0.6517394358330132,-0.0955958238203297,-0.7806376675153512,0.1164175772880257,-0.2751123967275791,0.3809365771284169,-0.5923590242353866,0.20224193,0.20224193,0.20224193,0.20224193
test,2017-08-05,Joseph Morales,Robert Sanchez,win,SUB,1.3456591266729765,0.3678702459802507,-0.385876682551246,0.8723486270515034,-1.7180024896249286,-0.9426552455251802,1.9,0.3878062522959813,-0.2390699877086879,-0.0323591288024729,1.2176643753856125,0.4942228646579026,0.0219746600061474,0.3809365771284169,-0.5923590242353866,0.26952025,0.26952025,0.26952025,0.26952025
train,2017-07-29,Jarred Brooks,Eric Shelton,win,S-DEC,-0.001065953047111,-0.1477112632510041,1.5767505345793669,0.0142629408035515,0.9664187070822196,0.789606354558182,0.3999999999999999,-0.2853273115880572,0.3386672396653678,-0.1335378408310436,-0.0855760873758857,0.4942228646579026,0.0219746600061474,0.3809365771284169,-1.1760327032394324,0.18730983,0.18730983,0.18730983,0.18730983
train,2017-07-16,Alexandre Pantoja,Neil Seery,win,SUB,1.3456591266729765,1.3622060137833851,0.3991742043009991,0.8723486270515034,0.3387461099398384,0.477799266543177,-0.4000000000000001,0.4318430275033483,0.5862689085399627,-0.2536875613649715,-0.3462241799281846,0.1164175772880257,1.5074099436747803,0.7530949992936209,-1.1760327032394324,1.0007921,1.0007921,1.0007921,1.0007921
train,2017-06-17,Justin Scoggins,Yuta Sasaki,lose,SUB,1.3456591266729765,0.5888337499365027,-0.385876682551246,-0.8438227454444003,0.2266617175929847,1.4132205305881926,-0.7,0.8785017474637852,0.8338705774145581,-0.2094218748524716,0.4357200977287142,-2.7869611207446687,0.4428479903789268,-0.3633802672019912,1.1586620127767506,0.9473255,0.9473255,0.9473255,0.9473255
train,2017-06-10,Tim Elliott,Ben Nguyen,lose,SUB,-0.001065953047111,-0.0740567619322534,-0.385876682551246,-0.8438227454444003,1.958365579351876,-0.076524445483499,0.0,0.041803018523812,0.3386672396653674,-0.0892721543185439,-0.2593414824107513,-0.7892025649351913,-0.4979276892778741,-0.7355386893671952,0.5749883337727049,0.21078868,0.21078868,0.21078868,0.21078868
train,2017-04-22,Brandon Moreno,Dustin Ortiz,win,SUB,1.3456591266729765,0.2942157446614999,-1.5634530128296138,1.730434313299455,-0.6700134211818456,0.5124444985448443,0.5,0.3815152844092145,-0.3216038773335526,0.6505971773903794,0.0013066101415476,0.1164175772880257,1.4331381794913491,1.125253421458825,-1.759706382243478,0.9814347,0.9814347,0.9814347,0.9814347
test,2017-03-11,Jussier Formiga,Ray Borg,lose,U-DEC,-0.001065953047111,-0.2213657645697548,0.0066487608748765,0.0142629408035515,-1.1519763082733172,1.4132205305881926,-0.4,-0.0651434355512223,-1.0644088839573382,0.2648533377814535,1.3914297704204794,0.1164175772880257,-0.1018116136329053,-0.7355386893671952,0.5749883337727049,0.19997111,0.19997111,0.19997111,0.19997111
test,2017-02-11,Wilson Reis,Yuta Sasaki,win,U-DEC,-0.001065953047111,-0.0004022606135027,2.361801421431612,1.730434313299455,1.1961917113932703,0.200637410529839,-0.6,-0.2098356969468568,-0.9818749943324732,0.3470610413046672,0.4357200977287142,-2.7869611207446687,0.4428479903789269,1.125253421458825,-1.1760327032394324,0.18730983,0.18730983,0.18730983,0.18730983
test,2017-01-28,Eric Shelton,Alexandre Pantoja,lose,S-DEC,-0.001065953047111,-0.1845385139103794,1.1842250911532444,-1.7019084316923518,0.8263132166486524,-0.7347838535151768,-1.0,-1.0591163616603636,-0.4866716565832829,-0.9429675370596092,0.7832508877984464,0.1164175772880257,0.0219746600061474,-0.3633802672019912,0.5749883337727049,0.19997111,0.19997111,0.19997111,0.19997111
test,2017-01-15,John Moraga,Sergio Pettis,lose,U-DEC,-0.001065953047111,-0.5528110205041329,-0.385876682551246,0.0142629408035515,-0.1207998986822621,-0.8040743175185114,0.7000000000000001,-0.826350549849995,0.5037350189150976,-0.2220692138560432,-0.7806376675153512,0.1164175772880257,-0.6712284723725479,-1.1076971115323997,1.7423356917807962,-0.47742012,-0.47742012,-0.47742012,-0.47742012
train,2016-12-30,Ray Borg,Louis Smolka,win,U-DEC,-0.001065953047111,0.404697496639626,1.5767505345793669,0.0142629408035515,1.2410254683320117,0.477799266543177,-0.8,-1.983888641015071,0.4212011292902329,-1.3729770631810352,-0.4331068774456189,0.1164175772880257,-0.2503551419997685,0.3809365771284169,-1.1760327032394324,0.20224193,0.20224193,0.20224193,0.20224193
train,2016-12-17,Fredy Serrano,Hector Sandoval,lose,U-DEC,-0.001065953047111,-0.4055020178666315,-0.7784021259773686,-1.7019084316923518,-0.3561771226106553,0.4431540345415097,-1.4,-1.090571201094197,-2.137349449080584,-0.2726585698703285,-0.3462241799281856,0.1164175772880257,1.2598373963966751,-0.3633802672019912,1.1586620127767506,0.22335434,0.22335434,0.22335434,0.22335434
test,2016-12-03,Joseph Benavidez,Henry Cejudo,win,S-DEC,-1.3477910327671985,0.0364249900458725,-0.385876682551246,0.0142629408035515,-0.3898024403147114,-1.0812361735318494,0.3999999999999999,-0.2538724721542237,-0.899341104707608,-0.0576538068096156,-0.3462241799281856,1.5727644007252048,0.1457609336452,2.241728687954437,-1.1760327032394324,0.20224193,0.20224193,0.20224193,0.20224193
test,2016-12-03,Ryan Benoit,Brandon Moreno,lose,S-DEC,1.3456591266729765,-1.1420470310541384,-1.9559784562557363,0.0142629408035515,-0.8437442293194691,0.1659921785281715,-0.1999999999999999,-0.423728605096925,-0.0740022084589577,0.2964716852903818,0.1750720051764132,0.1164175772880257,0.0219746600061474,-0.7355386893671952,0.5749883337727049,0.23495264,0.23495264,0.23495264,0.23495264
train,2016-11-19,Kyoji Horiguchi,Ali Bagautinov,win,U-DEC,-0.001065953047111,0.6993155019146288,0.7916996477271218,0.0142629408035515,-0.2777180479678573,-0.3536863014968369,-0.3,0.4695888348239486,0.2561333500405027,-0.3991319599060416,0.8701335853158797,0.1164175772880257,0.5913915187457901,1.125253421458825,-1.759706382243478,0.21119185,0.21119185,0.21119185,0.21119185
train,2016-10-01,Brandon Moreno,Louis Smolka,win,SUB,-0.001065953047111,0.0364249900458725,0.0066487608748765,1.730434313299455,0.0697435683073893,1.2053491385781894,-1.2000000000000002,-0.7068221600014274,-0.5692055462081476,-0.5761947059560407,0.2619547026938475,0.1164175772880257,-2.032877482402128,0.3809365771284169,-0.5923590242353866,0.18730983,0.18730983,0.18730983,0.18730983
validation,2016-09-24,Dustin Ortiz,Jussier Formiga,lose,U-DEC,-0.001065953047111,0.1837339926833739,-0.385876682551246,-1.7019084316923518,0.6749992869803997,-1.2198171015385182,-0.5,0.953993362104986,0.4212011292902325,-0.1019194933221152,-0.693754969997918,0.1164175772880257,-0.1513261230885262,-0.3633802672019912,1.1586620127767506,0.25561634,0.25561634,0.25561634,0.25561634
test,2016-07-30,Fredy Serrano,Ryan Benoit,lose,S-DEC,-1.3477910327671985,-0.3318475165478808,1.9692759780054887,0.0142629408035515,1.442777374556348,0.4085088025398425,-0.4,-0.8200595819632281,-1.0644088839573382,-1.1073829441060368,0.2619547026938475,0.1164175772880257,0.0219746600061474,-0.7355386893671952,0.5749883337727049,0.21078868,0.21078868,0.21078868,0.21078868
test,2016-07-30,Wilson Reis,Hector Sandoval,win,SUB,-0.001065953047111,-0.037229511272878,1.1842250911532444,0.8723486270515034,0.9383976089955064,-0.8387195495201785,-0.7999999999999999,-0.9332970039250292,-1.889747780205989,0.4545634228350235,-0.8675203650327845,1.5727644007252048,1.5074099436747803,0.7530949992936209,-0.5923590242353866,0.22080223,0.22080223,0.22080223,0.22080223
test,2016-07-08,Matheus Nicolau,John Moraga,win,S-DEC,-0.001065953047111,0.3678702459802507,0.0066487608748765,0.0142629408035515,0.490060039608091,1.6903823866015308,-0.2,0.6834817429740172,0.8338705774145581,0.3786793888135957,0.8701335853158797,0.1164175772880257,-1.21588807638438,0.3809365771284169,-1.1760327032394324,1.5992361,1.5992361,1.5992361,1.5992361
train,2016-05-08,Neil Seery,Kyoji Horiguchi,lose,U-DEC,-2.6945161124872863,-1.1788742817135136,-2.348503899681859,0.8723486270515034,-0.6756176407991884,-0.076524445483499,1.6,-0.027397628230622,-0.321603877333553,0.8529546014475207,-0.3462241799281856,0.1164175772880257,-0.7207429818281692,-0.7355386893671952,0.5749883337727049,-1.2262274,-1.2262274,-1.2262274,-1.2262274
validation,2016-04-23,Chris Kelades,Sergio Pettis,lose,U-DEC,-0.001065953047111,-0.9579107777572616,-0.385876682551246,0.0142629408035515,0.1145773252461308,-0.4922672295035061,-0.1,-0.9332970039250292,0.5037350189150976,-0.165156188339972,-1.475699247654818,0.1164175772880257,0.0219746600061474,-0.7355386893671952,0.5749883337727049,0.25561634,0.25561634,0.25561634,0.25561634
train,2016-02-06,Joseph Benavidez,Zach Makovsky,win,U-DEC,-0.001065953047111,0.9571062565302562,-1.5634530128296138,0.0142629408035515,-1.2808733594721988,0.2006374105298388,0.3,0.9917391694255862,-0.7342733254578778,0.2775006767850246,-0.0855760873758857,-2.7869611207446687,0.5913915187457901,1.869570265789233,-1.1760327032394324,0.23470624,0.23470624,0.23470624,0.23470624
test,2016-02-06,Justin Scoggins,Ray Borg,win,U-DEC,-0.001065953047111,1.3622060137833851,1.1842250911532444,0.0142629408035515,-0.2553011694984868,1.2399943705798564,-0.5,1.2811236922168552,-0.0740022084589577,0.1510272867493116,0.6094854927635808,1.5727644007252048,-0.5969567081891163,0.3809365771284169,-0.5923590242353866,0.27111533,0.27111533,0.27111533,0.27111533
train,2015-12-11,Joby Sanchez,Geane Herrera,lose,KO/TKO,-1.3477910327671985,0.5520064992771274,-0.385876682551246,0.0142629408035515,0.075347787924732,0.4431540345415097,-0.1999999999999999,1.0735217519535536,0.4212011292902325,-1.417242749693535,0.9570162828333132,0.1164175772880257,0.0219746600061474,-0.3633802672019912,0.5749883337727049,-0.40121868,-0.40121868,-0.40121868,-0.40121868
train,2015-11-28,Yao Zhikui,Fredy Serrano,lose,KO/TKO,-0.001065953047111,-0.0740567619322534,-0.385876682551246,0.0142629408035515,-1.2136227240640864,-0.908010013523513,0.0,-0.0903073070982892,-0.4041377669584179,0.5936841518743082,-1.1281684575850843,0.1164175772880257,0.0219746600061474,-0.3633802672019912,1.1586620127767506,0.23495264,0.23495264,0.23495264,0.23495264
train,2015-11-21,Henry Cejudo,Jussier Formiga,win,S-DEC,-0.001065953047111,0.6624882512552535,0.7916996477271218,0.0142629408035515,0.1762237410369004,0.2006374105298392,-0.3999999999999999,1.5705082150081242,0.5037350189150976,0.2775006767850249,0.0881893076589809,0.1164175772880257,0.8389640660238956,1.497411843624029,-0.5923590242353866,0.21508357,0.21508357,0.21508357,0.21508357
validation,2015-11-14,Danny Martinez,Richie Vaculik,win,U-DEC,-0.001065953047111,-0.3318475165478808,2.361801421431612,0.0142629408035515,0.0080971525166197,0.1659921785281717,-1.0,-0.6061666738131599,-1.4770783320816634,-0.1967745358489002,0.5226027952461475,0.1164175772880257,-0.7950147460116007,0.3809365771284169,-1.1760327032394324,0.18730983,0.18730983,0.18730983,0.18730983
train,2015-10-24,Paddy Holohan,Louis Smolka,lose,SUB,-0.001065953047111,-1.5839740389666424,1.5767505345793669,-1.7019084316923518,0.6749992869803998,1.343930066584858,-0.5,-1.600139599922301,-0.0740022084589572,-0.8164941470238961,-0.606872272480485,0.1164175772880257,-0.1760833778163368,-1.1076971115323997,0.5749883337727049,0.25561634,0.25561634,0.25561634,0.25561634
validation,2015-10-24,Jon Delos Reyes,Neil Seery,lose,SUB,-0.001065953047111,-0.4791565191853822,0.3991742043009991,-1.7019084316923518,1.3643182999135508,0.06205648252317,0.2999999999999998,-0.3608189262292579,-0.2390699877086875,0.2269113207707392,-0.6068722724804846,0.1164175772880257,0.0219746600061474,-0.3633802672019912,0.5749883337727049,0.21078868,0.21078868,0.21078868,0.21078868
train,2015-10-03,Joseph Benavidez,Ali Bagautinov,win,U-DEC,-0.001065953047111,0.625661000595878,0.0066487608748765,0.0142629408035515,-0.6083670053910761,-0.1111696774851663,0.3,0.4192610917298148,-0.6517394358330126,-0.260011230866757,0.7832508877984464,1.5727644007252048,0.1952754431008212,1.497411843624029,-1.1760327032394324,0.19603236,0.19603236,0.19603236,0.19603236
validation,2015-10-03,Chris Cariaso,Sergio Pettis,lose,U-DEC,-1.3477910327671985,-0.0004022606135027,-1.170927569403491,0.8723486270515034,0.1538068625675297,-0.3536863014968373,0.4,-0.335655054682191,0.5037350189150976,-0.4244266379131846,-0.3462241799281856,1.5727644007252048,-0.0770543589050945,-0.3633802672019912,1.7423356917807962,-0.47742012,-0.47742012,-0.47742012,-0.47742012
test,2015-09-26,Kyoji Horiguchi,Chico Camus,win,U-DEC,-0.001065953047111,0.5520064992771274,0.0066487608748765,0.0142629408035515,0.6974161654497706,-0.5962029255085075,-0.4,0.6394449677666499,0.3386672396653678,-0.0007407812935444,-0.172458784893319,0.1164175772880257,0.6409060282014113,0.3809365771284169,-1.1760327032394324,0.21635969,0.21635969,0.21635969,0.21635969
test,2015-08-23,Chris Kelades,Chris Beal,win,S-DEC,-0.001065953047111,0.1100794913646232,-0.385876682551246,0.0142629408035515,-0.305739146054571,-0.8733647815218457,0.0999999999999999,-0.6627853847940606,0.6688027981648278,-0.3358952648881851,-1.1281684575850843,0.1164175772880257,-1.21588807638438,0.3809365771284169,-0.5923590242353866,0.20224193,0.20224193,0.20224193,0.20224193
test,2015-08-08,Geane Herrera,Ray Borg,lose,U-DEC,-0.001065953047111,-0.7001200231416344,-1.170927569403491,-1.7019084316923518,-1.7067940503902432,-0.2843958374935025,-0.4,-0.0085247245703218,-1.7246800009562586,1.9912151117689416,0.3488374002112808,0.1164175772880257,-1.6367614067571594,-1.1076971115323997,0.5749883337727049,-0.68450135,-0.68450135,-0.68450135,-0.68450135
train,2015-08-08,Dustin Ortiz,Willie Gates,win,KO/TKO,-0.001065953047111,2.9089505414771497,1.5767505345793669,0.8723486270515034,1.6949672573367691,-0.5269124615051733,-0.3,0.7149365824078505,0.5037350189150976,-1.3287113766685354,1.5651951654553462,0.1164175772880257,1.2598373963966751,0.3809365771284169,-1.1760327032394324,0.21635969,0.21635969,0.21635969,0.21635969
train,2015-07-18,Vaughan Lee,Paddy Holohan,lose,U-DEC,-0.001065953047111,-0.037229511272878,-0.385876682551246,-0.8438227454444003,-1.151976308273317,0.0274112505215027,-0.3,0.8407559401431851,0.091065570790772,-0.4623686549238986,2.0864913505599447,0.1164175772880257,0.0219746600061474,-0.7355386893671952,1.1586620127767506,0.19997111,0.19997111,0.19997111,0.19997111
test,2015-07-11,Neil Seery,Louis Smolka,lose,U-DEC,1.3456591266729765,-0.0740567619322534,-2.348503899681859,-1.7019084316923518,-0.5018868326615651,0.7203158905548478,-0.1999999999999999,-0.7005311921146605,-0.4866716565832829,-0.1967745358489005,0.4357200977287132,0.1164175772880257,-0.3988986703666319,-0.7355386893671952,0.5749883337727049,0.19997111,0.19997111,0.19997111,0.19997111
validation,2015-06-13,Chico Camus,Henry Cejudo,lose,U-DEC,-0.001065953047111,-0.5159837698447576,-0.385876682551246,0.0142629408035515,-0.7484724958246435,-0.734783853515177,0.2,-0.845223453510295,-0.321603877333553,-0.1904508663471147,-0.0855760873758857,0.1164175772880257,-0.9683155291062746,-1.1076971115323997,0.5749883337727049,0.25561634,0.25561634,0.25561634,0.25561634
validation,2015-05-30,Wilson Reis,Jussier Formiga,lose,U-DEC,-1.3477910327671985,0.2573884940021246,-1.5634530128296138,0.0142629408035515,1.874302285091736,-1.3930432615468544,0.0,0.2556959266738803,-0.8168072150827433,0.448239753333238,-0.7806376675153512,1.5727644007252048,0.1952754431008215,-1.1076971115323997,0.5749883337727049,0.21078868,0.21078868,0.21078868,0.21078868
train,2015-05-23,Joseph Benavidez,John Moraga,win,U-DEC,-0.001065953047111,0.7729700032333795,1.5767505345793669,0.0142629408035515,0.4508305022866921,0.6163801945498459,-0.5000000000000001,0.5954081925592831,-0.7342733254578778,0.0814669222296691,0.4357200977287132,1.5727644007252048,0.5171197545623587,1.125253421458825,-0.5923590242353866,0.21808793,0.21808793,0.21808793,0.21808793
test,2015-05-23,John Dodson,Zach Makovsky,win,U-DEC,-0.001065953047111,-0.2213657645697548,0.7916996477271218,0.0142629408035515,-1.6731687326861873,0.8935420505631837,-0.3,0.7904281970490513,-0.2390699877086875,0.8529546014475207,-0.0855760873758857,-1.0029214133478817,0.2200326978286318,1.125253421458825,-0.5923590242353866,0.89147145,0.89147145,0.89147145,0.89147145
train,2015-05-16,Roldan Sangcha'an,Jon Delos Reyes,lose,SUB,-1.3477910327671985,0.1469067420239986,0.3991742043009991,-2.5599941179403034,-0.6980345192685593,0.4431540345415097,-1.9,-0.1783808575130233,0.6688027981648278,-1.252827342647107,0.0013066101415476,0.1164175772880257,0.0219746600061474,-0.3633802672019912,1.1586620127767506,-0.47742012,-0.47742012,-0.47742012,-0.47742012
train,2015-03-14,Henry Cejudo,Chris Cariaso,win,U-DEC,-0.001065953047111,1.0307607578490068,2.361801421431612,0.8723486270515034,0.5741233338682313,1.2399943705798568,-0.6000000000000001,0.3563514128621476,0.1735994604156376,0.3470610413046672,0.3488374002112808,-1.0029214133478817,0.9627503396629484,0.7530949992936209,-1.1760327032394324,0.18865308,0.18865308,0.18865308,0.18865308
test,2015-03-14,Ryan Benoit,Sergio Pettis,win,KO/TKO,1.3456591266729765,-0.4055020178666315,0.0066487608748765,0.0142629408035515,-0.3113433656719136,0.1659921785281715,0.0,-0.6313305453602268,0.1735994604156376,0.4735344313403805,-0.6068722724804856,0.1164175772880257,-1.834819444579644,0.3809365771284169,-0.5923590242353866,0.20224193,0.20224193,0.20224193,0.20224193
test,2015-02-14,Zach Makovsky,Tim Elliott,win,U-DEC,-0.001065953047111,-0.8106017751197604,1.9692759780054887,0.0142629408035515,-0.0031112867180656,-0.1804601414885005,-0.7,-1.0339524901132968,-0.0740022084589577,-0.3864846209024702,0.5226027952461465,-2.7869611207446687,1.0617793585741908,0.3809365771284169,-1.759706382243478,0.19609539,0.19609539,0.19609539,0.19609539
validation,2015-01-31,Ian McCall,John Lineker,lose,U-DEC,-0.001065953047111,0.0732522407052479,0.3991742043009991,-2.5599941179403034,0.8599385343527086,0.7203158905548476,-0.6,-1.1157350726412645,-0.0740022084589577,-0.639431400973897,0.9570162828333132,0.1164175772880257,-0.497927689277874,-0.7355386893671952,0.5749883337727049,0.19997111,0.19997111,0.19997111,0.19997111
train,2015-01-18,Shane Howell,Paddy Holohan,lose,U-DEC,-0.001065953047111,-0.7369472738010097,-1.170927569403491,-1.7019084316923518,-1.6059180972780749,-1.7741408135651944,-1.3,-0.5432569949454926,-1.146942773582203,-0.1588325188381865,-0.3462241799281856,0.1164175772880257,0.0219746600061474,-0.3633802672019912,1.1586620127767506,0.22335434,0.22335434,0.22335434,0.22335434
test,2015-01-03,Louis Gaudinot,Kyoji Horiguchi,lose,U-DEC,-0.001065953047111,-0.773774524460385,-0.385876682551246,1.730434313299455,-0.7933062527633851,-0.8387195495201787,1.1,-0.7948957104161616,-0.6517394358330132,2.5160796804171515,-1.2150511551025178,0.1164175772880257,-1.6367614067571592,-1.1076971115323997,1.1586620127767506,-0.68450135,-0.68450135,-0.68450135,-0.68450135
test,2014-12-13,Willie Gates,John Moraga,lose,SUB,1.3456591266729765,-1.2525287830322644,-0.385876682551246,0.0142629408035515,-0.339364463758627,0.7896063545581823,-0.7000000000000001,-0.4866382839645922,-0.4041377669584177,1.099577712017162,-1.5625819451722511,0.1164175772880257,-1.21588807638438,-0.7355386893671952,0.5749883337727049,-1.2262274,-1.2262274,-1.2262274,-1.2262274
train,2014-11-22,Brad Pickett,Chico Camus,lose,S-DEC,-0.001065953047111,-0.6632927724822589,0.3991742043009991,0.0142629408035515,0.9608144874648772,-0.4922672295035061,0.0,0.2745688303341804,-0.8168072150827429,1.3778191700957312,-0.7806376675153512,0.1164175772880257,0.0219746600061474,-0.3633802672019912,1.1586620127767506,0.23495264,0.23495264,0.23495264,0.23495264
train,2014-11-22,Dustin Ortiz,Joseph Benavidez,lose,U-DEC,-0.001065953047111,-2.0995555481978974,0.0066487608748765,0.0142629408035515,0.90477229129145,-0.3536863014968369,-0.5,-0.3671098941160247,0.8338705774145575,-0.3106005868810424,-0.433106877445618,-1.0029214133478817,-0.2503551419997685,-0.7355386893671952,0.5749883337727049,0.21078868,0.21078868,0.21078868,0.21078868
train,2014-11-07,Richie Vaculik,Louis Smolka,lose,KO/TKO,-1.3477910327671985,0.2573884940021246,0.3991742043009991,0.8723486270515034,0.7422499223885121,-0.0418792134818317,-0.8,-0.6187486095866933,-0.0740022084589572,-0.0070644507953305,0.3488374002112799,0.1164175772880257,0.0219746600061474,-0.3633802672019912,0.5749883337727049,-0.47742012,-0.47742012,-0.47742012,-0.47742012
train,2014-10-25,Scott Jorgensen,Wilson Reis,lose,SUB,1.3456591266729765,-0.2581930152291302,-0.385876682551246,-0.8438227454444003,-1.4153746302884236,0.4085088025398425,0.0999999999999999,0.9665752978785191,0.9164044670394232,0.2395586597743109,0.8701335853158797,-1.0029214133478817,-0.2751123967275791,-0.3633802672019912,0.5749883337727049,0.9473255,0.9473255,0.9473255,0.9473255
train,2014-10-04,Paddy Holohan,Chris Kelades,lose,U-DEC,-0.001065953047111,-0.884256276438511,0.3991742043009991,-0.8438227454444003,1.0392735621076743,0.6163801945498457,1.0,-0.1720898896262564,0.2561333500405027,0.1130852697385974,-0.1724587848933185,0.1164175772880257,0.0219746600061474,-0.3633802672019912,0.5749883337727049,0.21078868,0.21078868,0.21078868,0.21078868
train,2014-09-27,Demetrious Johnson,Chris Cariaso,win,SUB,-0.001065953047111,0.7729700032333795,0.3991742043009991,1.730434313299455,1.2634423468013825,0.2699278745331737,-0.3,0.0480939864105786,0.9164044670394232,-0.3548662733935421,0.5226027952461475,-1.0029214133478817,0.4676052451067375,2.613887110119641,-0.5923590242353866,0.18730983,0.18730983,0.18730983,0.18730983
train,2014-09-20,Jon Delos Reyes,Kyoji Horiguchi,lose,KO/TKO,-0.001065953047111,-0.6632927724822589,0.0066487608748765,0.0142629408035515,0.6806035065977426,-0.0072339814801644,1.9,-0.3859827977763247,-0.569205546208148,1.074283034010019,-0.954403062550218,0.1164175772880257,-2.453750812774908,-0.7355386893671952,1.1586620127767506,0.23495264,0.23495264,0.23495264,0.23495264
train,2014-09-05,John Moraga,Justin Scoggins,win,SUB,-0.001065953047111,-0.3318475165478808,-1.170927569403491,2.588519999547407,-1.5610843403393333,-1.3237527975435197,0.6000000000000001,-0.6250395774734602,-0.6517394358330132,0.2522059987778819,0.0881893076589809,-1.0029214133478817,-0.8197720007394113,0.3809365771284169,-1.1760327032394324,0.18730983,0.18730983,0.18730983,0.18730983
train,2014-08-16,Jussier Formiga,Zach Makovsky,win,U-DEC,-0.001065953047111,-0.5159837698447576,0.3991742043009991,0.0142629408035515,-1.0511003551611486,1.0667682105715202,0.3,-0.3293640867954244,-0.3216038773335526,0.0688195832260975,0.1750720051764142,-1.0029214133478817,-1.21588807638438,0.7530949992936209,-0.5923590242353866,0.18730983,0.18730983,0.18730983,0.18730983
validation,2014-07-19,Brad Pickett,Ian McCall,lose,U-DEC,-0.001065953047111,-1.2525287830322644,-1.170927569403491,0.0142629408035515,0.2266617175929847,-1.0465909415301822,0.4,-0.3608189262292579,-0.6517394358330132,0.8782492794546634,-1.041285760067651,0.1164175772880257,0.6161487734736005,-0.7355386893671952,0.5749883337727049,-1.2262274,-1.2262274,-1.2262274,-1.2262274
validation,2014-07-19,Phil Harris,Neil Seery,lose,U-DEC,-1.3477910327671985,-0.7369472738010097,0.0066487608748765,0.0142629408035515,0.5573106750162033,0.2352826425315061,-1.6,-0.7697318388690947,-1.229476663207068,-0.3928082904042561,0.8701335853158807,0.1164175772880257,0.0219746600061474,-0.3633802672019912,1.1586620127767506,0.19997111,0.19997111,0.19997111,0.19997111
train,2014-07-16,Alptekin Ozkilic,John Lineker,lose,KO/TKO,-1.3477910327671985,-1.6576285402853932,-0.385876682551246,0.0142629408035515,2.0536373128467016,0.2699278745331733,-0.6,-0.9773337791323964,-0.6517394358330132,0.9225149659671632,0.2619547026938466,0.1164175772880257,-1.6367614067571594,-0.3633802672019912,1.1586620127767506,-0.40121868,-0.40121868,-0.40121868,-0.40121868
test,2014-07-06,Dustin Ortiz,Justin Scoggins,win,S-DEC,-0.001065953047111,0.5520064992771274,-1.170927569403491,-2.5599941179403034,-0.2216758517944306,-1.0465909415301815,-0.4,-0.3922737656630916,-0.569205546208148,0.0119065577100265,0.0881893076589809,-1.0029214133478817,-1.21588807638438,0.7530949992936209,-0.5923590242353866,0.18730983,0.18730983,0.18730983,0.18730983
train,2014-06-28,Shane Howell,Ray Borg,lose,SUB,-0.001065953047111,-0.0740567619322534,-0.385876682551246,-1.7019084316923518,-2.1719442786296868,-0.908010013523513,-1.0,-0.159507953852723,-1.6421461113313935,0.3976503973189524,-0.5199895749630518,0.1164175772880257,0.0219746600061474,-0.3633802672019912,0.5749883337727049,0.22335434,0.22335434,0.22335434,0.22335434
test,2014-06-28,Richie Vaculik,Roldan Sangcha'an,win,U-DEC,-0.001065953047111,-0.3318475165478808,1.1842250911532444,1.730434313299455,0.6021444319549448,-1.289107565541853,1.0,0.6142810962195832,0.0085316811659073,1.232374771554661,0.5226027952461465,0.1164175772880257,0.0219746600061474,0.3809365771284169,-0.5923590242353866,1.5934942,1.5934942,1.5934942,1.5934942
test,2014-06-07,John Dodson,John Moraga,win,KO/TKO,1.3456591266729765,0.6993155019146288,0.3991742043009991,0.0142629408035515,0.0585351290727039,1.309284834583191,-1.1,0.3940972201827482,-0.2390699877086875,0.6569208468921651,0.4357200977287132,0.1164175772880257,0.7646923018404641,0.7530949992936209,-0.5923590242353866,0.70741683,0.70741683,0.70741683,0.70741683
test,2014-05-10,Kyoji Horiguchi,Darrell Montague,win,U-DEC,1.3456591266729765,1.4358605151021355,0.3991742043009991,-1.7019084316923518,0.7254372635364841,0.754961122556515,-1.4,1.0546488482932534,1.659209473663208,-1.84725227581496,0.8701335853158797,-1.0029214133478817,0.0219746600061474,0.3809365771284169,-1.1760327032394324,0.21635969,0.21635969,0.21635969,0.21635969
test,2014-04-26,Joseph Benavidez,Tim Elliott,win,SUB,-0.001065953047111,-0.2581930152291302,-1.170927569403491,0.8723486270515034,-1.2920817987068844,0.0274112505215027,-0.4,-0.0399795640041554,-0.8168072150827429,-0.1145668323256866,0.4357200977287132,-2.7869611207446687,1.0617793585741906,0.3809365771284169,-1.1760327032394324,0.19609539,0.19609539,0.19609539,0.19609539
train,2014-04-19,Ray Borg,Dustin Ortiz,lose,S-DEC,-0.001065953047111,-1.2525287830322644,1.1842250911532444,1.730434313299455,0.5012684788427766,-0.2151053734901679,0.9,-0.8955511966044288,0.6688027981648278,-0.146185179834615,-0.6937549699979189,0.1164175772880257,0.0219746600061474,-0.3633802672019912,0.5749883337727049,0.25561634,0.25561634,0.25561634,0.25561634
train,2014-03-23,Scott Jorgensen,Jussier Formiga,lose,SUB,-0.001065953047111,-0.1108840125916287,-0.385876682551246,-0.8438227454444003,0.4508305022866921,-0.9773004775268476,0.0999999999999999,1.2245049812359547,0.0910655707907724,0.6822155248993079,0.0881893076589809,0.1164175772880257,0.0219746600061474,-0.3633802672019912,2.9096830497888875,0.25561634,0.25561634,0.25561634,0.25561634
test,2014-03-15,Will Campuzano,Justin Scoggins,lose,U-DEC,-0.001065953047111,-2.0995555481978974,-2.348503899681859,0.8723486270515034,-1.4153746302884234,-1.1851718695368507,-0.3,-0.713113127888194,-1.6421461113313935,1.055312025504662,0.1750720051764132,-1.0029214133478817,-2.453750812774908,-0.7355386893671952,1.7423356917807962,-0.68450135,-0.68450135,-0.68450135,-0.68450135
train,2014-03-08,Brad Pickett,Neil Seery,win,U-DEC,-0.001065953047111,0.0732522407052479,1.5767505345793669,0.8723486270515034,0.9552102678475344,0.1659921785281715,-1.2000000000000002,-0.3419460225689578,-0.8168072150827429,0.5367711263582372,-0.2593414824107513,0.1164175772880257,1.2598373963966751,0.3809365771284169,-0.5923590242353866,0.19609539,0.19609539,0.19609539,0.19609539
validation,2014-02-22,Zach Makovsky,Josh Sampo,win,U-DEC,-0.001065953047111,0.5520064992771274,1.9692759780054887,0.0142629408035515,1.4932153511124326,0.5470897305465116,-1.8,-0.0336885961173887,0.5862689085399627,-0.449721315920327,0.6094854927635798,1.5727644007252048,2.497700132787203,0.7530949992936209,-0.5923590242353866,0.20587027,0.20587027,0.20587027,0.20587027
test,2014-02-01,Ali Bagautinov,John Lineker,win,U-DEC,-0.001065953047111,0.8097972538927548,2.361801421431612,-0.8438227454444003,1.100919977898444,-0.076524445483499,-0.3,-1.581266696262001,0.1735994604156371,-0.7406101130024677,-0.3462241799281856,0.1164175772880257,0.5171197545623584,1.125253421458825,-0.5923590242353866,0.20224193,0.20224193,0.20224193,0.20224193
train,2014-02-01,Danny Martinez,Chris Cariaso,lose,U-DEC,-0.001065953047111,-1.4734922869885163,1.9692759780054887,0.0142629408035515,1.067294660194388,-0.7347838535151766,-0.8,-0.3922737656630916,-1.229476663207068,0.9794279914832342,0.1750720051764142,-1.0029214133478817,-1.4634606236624854,-0.7355386893671952,0.5749883337727049,0.23495264,0.23495264,0.23495264,0.23495264
validation,2014-01-15,John Moraga,Dustin Ortiz,win,S-DEC,-0.001065953047111,0.2942157446614999,-0.7784021259773686,0.8723486270515034,-1.3313113360282829,-0.2843958374935025,1.0,-0.2349995684939237,-0.0740022084589577,0.2458823292760964,0.0013066101415476,0.1164175772880257,0.0219746600061474,0.3809365771284169,-0.5923590242353866,0.18730983,0.18730983,0.18730983,0.18730983
validation,2013-12-14,Joseph Benavidez,Demetrious Johnson,lose,KO/TKO,-1.3477910327671985,-0.1108840125916287,0.0066487608748765,0.0142629408035515,-1.0791214532478624,-0.1111696774851663,0.0999999999999999,0.0543849542973452,-1.6421461113313935,0.6442735078885937,-0.5199895749630522,1.5727644007252048,0.0219746600061474,-1.852013955862808,0.5749883337727049,0.22335434,0.22335434,0.22335434,0.22335434
test,2013-12-14,Zach Makovsky,Scott Jorgensen,win,U-DEC,-0.001065953047111,-0.1845385139103794,1.9692759780054887,0.0142629408035515,0.6245613104243156,-0.1111696774851659,-0.3999999999999999,-0.9018421644911956,0.2561333500405022,-0.7342864435006822,-0.2593414824107523,1.5727644007252048,-0.9683155291062746,0.3809365771284169,-2.343380061247524,0.18730983,0.18730983,0.18730983,0.18730983
validation,2013-12-06,Richie Vaculik,Justin Scoggins,lose,KO/TKO,-0.001065953047111,-0.9210835270978864,-0.7784021259773686,0.0142629408035515,-0.2272800714117732,-1.7741408135651944,0.5,0.0795488258444121,-0.4041377669584177,1.226051102052875,0.1750720051764132,-1.0029214133478817,0.0219746600061474,-0.3633802672019912,0.5749883337727049,-1.2262274,-1.2262274,-1.2262274,-1.2262274
validation,2013-11-16,Ali Bagautinov,Tim Elliott,win,U-DEC,-0.001065953047111,-0.1845385139103794,-0.385876682551246,-0.8438227454444003,-0.6756176407991886,0.1313469465265046,-0.7,-0.4614744124175254,-0.1565360980838228,0.1510272867493114,-0.3462241799281856,-1.0029214133478817,1.2598373963966751,0.7530949992936209,-0.5923590242353866,0.2110274,0.2110274,0.2110274,0.2110274
train,2013-10-19,Darrell Montague,John Dodson,lose,KO/TKO,-2.6945161124872863,-0.6632927724822589,0.0066487608748765,0.0142629408035515,0.0137013721339624,-1.7048503495618594,1.4,-0.807477646189695,-1.2294766632070684,1.1438433985296614,-0.7806376675153512,1.5727644007252048,-1.834819444579644,-0.3633802672019912,0.5749883337727049,-1.2262274,-1.2262274,-1.2262274,-1.2262274
validation,2013-10-09,Chris Cariaso,Iliarde Santos,win,KO/TKO,-0.001065953047111,0.6993155019146288,-0.7784021259773686,0.0142629408035515,-0.3001349264372281,-0.908010013523513,0.8,0.21795011935328,1.0814722462891528,-2.4416772089828127,0.3488374002112808,1.5727644007252048,1.2598373963966751,0.3809365771284169,-1.759706382243478,0.5418626,0.5418626,0.5418626,0.5418626
train,2013-09-04,Joseph Benavidez,Jussier Formiga,win,KO/TKO,1.3456591266729765,0.5151792486177521,0.0066487608748765,0.0142629408035515,-0.2216758517944306,-0.8733647815218457,0.0,1.3188694995374557,-0.4041377669584177,0.2142639817671681,-0.2593414824107523,1.5727644007252048,0.8389640660238956,1.125253421458825,-0.5923590242353866,0.9706936,0.9706936,0.9706936,0.9706936
train,2013-09-04,Ali Bagautinov,Marcos Vinicius,win,KO/TKO,2.692384206393064,0.404697496639626,1.1842250911532444,0.8723486270515034,1.4147562764696349,1.3785752985865256,-0.2,0.5765352888989829,-0.569205546208148,0.1194089392403829,0.4357200977287142,0.1164175772880257,-1.21588807638438,0.3809365771284169,-1.1760327032394324,1.6379329,1.6379329,1.6379329,1.6379329
validation,2013-08-03,John Lineker,Jose Maria,win,KO/TKO,-0.001065953047111,0.1100794913646232,0.3991742043009991,-0.8438227454444003,-0.9782455001356936,1.170703906576522,-1.6999999999999995,1.356615306858056,-1.0644088839573382,0.1889693037600252,0.3488374002112808,0.1164175772880257,1.6807107267694543,1.125253421458825,-0.5923590242353866,0.2507115,0.2507115,0.2507115,0.2507115
test,2013-08-03,Iliarde Santos,Ian McCall,lose,U-DEC,-0.001065953047111,-1.8049375429228944,0.0066487608748765,0.0142629408035515,-0.2272800714117733,-0.1804601414885009,0.0,-0.3734008620027913,-0.7342733254578783,1.8078286962171568,-0.8675203650327855,0.1164175772880257,0.0219746600061474,-0.3633802672019912,1.1586620127767506,-1.2262274,-1.2262274,-1.2262274,-1.2262274
train,2013-05-18,Jussier Formiga,Chris Cariaso,win,U-DEC,-0.001065953047111,-0.5896382711635083,1.1842250911532444,-0.8438227454444003,0.4059967453479506,1.0321229785698531,-0.2,-1.2163905588295316,-0.3216038773335526,0.0751432527278833,0.2619547026938475,-1.0029214133478817,-1.6367614067571594,0.3809365771284169,-0.5923590242353866,0.18730983,0.18730983,0.18730983,0.18730983
test,2013-04-20,Darren Uyenoyama,Joseph Benavidez,lose,KO/TKO,-2.6945161124872863,-1.6944557909447684,-0.7784021259773686,0.0142629408035515,0.0137013721339624,-0.9426552455251802,0.0999999999999999,-1.373664755998699,0.4212011292902325,-0.2853059088738997,0.4357200977287142,-1.0029214133478817,0.5171197545623584,-0.7355386893671952,0.5749883337727049,0.25561634,0.25561634,0.25561634,0.25561634
train,2013-02-02,Ian McCall,Joseph Benavidez,lose,U-DEC,-0.001065953047111,-0.6264655218228836,0.3991742043009991,0.0142629408035515,0.38357986687858,0.893542050563184,-0.6,0.0418030185238118,0.4212011292902325,0.3723557193118099,0.5226027952461475,-1.0029214133478817,-1.834819444579644,-0.3633802672019912,1.1586620127767506,0.25561634,0.25561634,0.25561634,0.25561634
test,2013-01-26,Demetrious Johnson,John Dodson,win,U-DEC,-1.3477910327671985,2.577505285542772,1.5767505345793669,0.0142629408035515,1.48761113149509,-0.5962029255085075,0.5,0.1424585047120793,1.164006135914018,-1.2085616561346075,0.5226027952461475,0.1164175772880257,-0.4731704345500634,1.125253421458825,-0.5923590242353866,0.22089872,0.22089872,0.22089872,0.22089872
train,2012-11-10,Yasuhiro Urushitani,John Lineker,lose,U-DEC,-0.001065953047111,-0.5528110205041329,0.0066487608748765,0.0142629408035515,-0.305739146054571,0.4431540345415097,-0.6,-1.1912266872824646,-0.0740022084589577,0.2838243462868107,0.7832508877984464,1.5727644007252048,0.0219746600061474,-0.3633802672019912,1.1586620127767506,0.19997111,0.19997111,0.19997111,0.19997111
validation,2012-10-05,Jussier Formiga,John Dodson,lose,KO/TKO,-2.6945161124872863,-0.884256276438511,0.0066487608748765,0.0142629408035515,0.6301655300416583,0.1659921785281719,0.6,-1.122026040528031,-0.0740022084589577,-0.7785521300131821,0.2619547026938475,0.1164175772880257,-2.453750812774908,-1.1076971115323997,0.5749883337727049,0.25561634,0.25561634,0.25561634,0.25561634
validation,2012-09-22,Joseph Benavidez,Demetrious Johnson,lose,S-DEC,-0.001065953047111,-1.215701532372889,-1.9559784562557363,1.730434313299455,-1.0791214532478624,-0.1111696774851663,0.0999999999999999,0.0543849542973452,-1.6421461113313935,0.6442735078885937,-0.5199895749630522,1.5727644007252048,0.6409060282014113,-0.7355386893671952,0.5749883337727049,0.22335434,0.22335434,0.22335434,0.22335434
validation,2012-07-11,Chris Cariaso,Josh Ferguson,win,U-DEC,-0.001065953047111,1.8409602723552645,0.7916996477271218,0.0142629408035515,0.2995165726184396,0.0967017145248369,0.8,0.7652643255019844,0.0085316811659073,-1.2275326646399642,2.5209048381471115,1.5727644007252048,1.2598373963966751,0.7530949992936209,-1.1760327032394324,1.6590676,1.6590676,1.6590676,1.6590676
train,2012-06-08,Ian McCall,Demetrious Johnson,lose,U-DEC,-1.3477910327671985,-1.215701532372889,-0.385876682551246,0.0142629408035515,-0.7036387388859019,0.7896063545581822,-0.5,0.0984217295047121,-1.2294766632070684,1.0110463389921625,0.0013066101415476,0.1164175772880257,-1.6367614067571594,-0.3633802672019912,0.5749883337727049,-0.68450135,-0.68450135,-0.68450135,-0.68450135
validation,2012-05-05,John Dodson,Tim Elliott,win,U-DEC,-0.001065953047111,0.0364249900458725,0.7916996477271218,0.0142629408035515,-1.6843771719208724,0.7203158905548476,-1.0,-0.2412905363806902,-0.3216038773335526,0.4608870923368093,0.4357200977287132,-1.0029214133478817,2.497700132787203,0.7530949992936209,-0.5923590242353866,0.30405465,0.30405465,0.30405465,0.30405465
train,2012-05-05,Louis Gaudinot,John Lineker,win,SUB,-0.001065953047111,-1.1420470310541384,0.7916996477271218,0.8723486270515034,0.0137013721339623,-1.2544623335401857,0.5000000000000001,-1.902106058487104,-0.2390699877086879,1.36517183109216,-0.6937549699979189,0.1164175772880257,0.0219746600061474,0.3809365771284169,-0.5923590242353866,0.21643668,0.21643668,0.21643668,0.21643668
test,2012-03-02,Yasuhiro Urushitani,Joseph Benavidez,lose,KO/TKO,-1.3477910327671985,-0.3686747672072562,-0.385876682551246,-0.8438227454444003,-0.7820978135286996,0.6163801945498462,-0.6,-0.0336885961173885,0.4212011292902325,1.2956114665725176,0.3488374002112808,-2.7869611207446687,-2.453750812774908,-1.1076971115323997,0.5749883337727049,-0.68450135,-0.68450135,-0.68450135,-0.68450135
